<?xml version="1.0" encoding="UTF-8"?>
<!DOCTYPE mapper PUBLIC "-//mybatis.org//DTD Mapper 3.0//EN" "http://mybatis.org/dtd/mybatis-3-mapper.dtd">
<mapper namespace="kr.or.ddit.commons.dao.BookmarkDAO">

	<resultMap type="BookmarkVO" id="bookmarkMap" autoMapping="true">
		<id property="bookmarkId" column="BOOKMARK_ID" />
		<collection property="BMenuList" ofType="BMenuVO" autoMapping="true">
			<id property="bmenuId" column="BMENU_ID" />
			<association property="menuVO" javaType="MenuVO" autoMapping="true" />
		</collection>
	</resultMap>
	<select id="selectBookmarkVO" parameterType="String" resultMap="bookmarkMap">
		SELECT 
		    A.BOOKMARK_ID
		    , A.USER_ID
		    , B.BMENU_ID
		    , B.MENU_ID
		    , C.PARENT_ID
		    , C.MENU_NM
		    , C.MENU_URL
		    , C.MENU_KWD
		    , C.MENU_ROLE
		FROM BOOKMARK A LEFT OUTER JOIN BMENU B ON A.BOOKMARK_ID = B.BOOKMARK_ID
		    LEFT OUTER JOIN MENU C ON B.MENU_ID = C.MENU_ID
		WHERE A.USER_ID = #{useId}
	</select>
	
	<select id="selectMenuVO" parameterType="String" resultType="MenuVO">
		SELECT MENU_ID
		FROM MENU
		WHERE INSTR(#{menuUrl}, MENU_URL) > 0
		AND INSTR(MENU_ROLE, #{menuRole}) > 0
	</select>
	
	<insert id="insertBMenu" parameterType="BMenuVO">
		<selectKey order="BEFORE" resultType="String" keyProperty="bmenuId">
			SELECT 
			    'HD' || TO_CHAR(SUBSTR(MAX(BMENU_ID), 3)+1)
			FROM BMENU
		</selectKey>
		INSERT INTO BMENU (
			BMENU_ID
			, BOOKMARK_ID
			, MENU_ID
		) VALUES (
			#{bmenuId}
			, #{bookmarkId,jdbcType=VARCHAR}
			, #{menuId,jdbcType=VARCHAR}
		)
	</insert>
	
	<select id="selectBMenuVO" parameterType="String" resultType="BMenuVO">
		SELECT A.BMENU_ID
		    , A.BOOKMARK_ID
		    , A.MENU_ID
		    , B.MENU_NM
		    , B.MENU_URL
		    , C.USER_ID
		FROM BMENU A INNER JOIN MENU B ON A.MENU_ID = B.MENU_ID
		    LEFT OUTER JOIN BOOKMARK C ON A.BOOKMARK_ID = C.BOOKMARK_ID
		WHERE C.USER_ID = #{userId}
		AND B.MENU_URL = #{menuUrl}
	</select>
	
	<delete id="deleteBMenu" parameterType="String">
		DELETE
		FROM BMENU
		WHERE BMENU_ID = #{bmenuId}
	</delete>

</mapper>