<?xml version="1.0" encoding="UTF-8"?>
<!DOCTYPE mapper PUBLIC "-//mybatis.org//DTD Mapper 3.0//EN" "http://mybatis.org/dtd/mybatis-3-mapper.dtd">
<mapper namespace="kr.or.ddit.campus.certificate.dao.CertificateDAO">


	<select id="selectCertificateList" resultType="CertificateVO">
		SELECT 
			A.CERT_ID
			, A.CERT_NM
			, A.USER_ROLE
			, A.CERT_CHARGE
			, B.COMM_DESC
		FROM CERT A LEFT OUTER JOIN COMM B ON A.USER_ROLE = B.COMM_ID
	</select>
	
	<!-- 사용자 구분별 발급 가능한 증명서 목록 조회 -->
	<select id="selectUserCertificateList" parameterType="String" resultType="CertificateVO">
		SELECT 
			ROWNUM AS RNUM
			, A.CERT_ID
			, A.CERT_NM
			, A.USER_ROLE
			, A.CERT_CHARGE
			, B.COMM_DESC
		FROM CERT A LEFT OUTER JOIN COMM B ON A.USER_ROLE = B.COMM_ID
					LEFT OUTER JOIN USR C ON B.COMM_ID = C.USER_ROLE
		WHERE USER_ID = #{userId}
	</select>
	
	<select id="selectUserInfo" parameterType="String" resultType="UsrVO">
		SELECT 
			USER_ID
			, USER_NM
			, USER_NM_EN
			, USER_PHONE
			, USER_POST
			, USER_ADDR
			, USER_DETAIL_ADDR
			, USER_EMAIL
			, USER_BANK
			, USER_ACCT_HD
			, USER_ACCT_NO
			, USER_GENDER
			, USER_NTL
			, USER_BIR
			, USER_ROLE
		FROM USR
		WHERE USER_ID = #{userId}
	</select>
	
	
	<resultMap type="ProfessorVO" id="profMap" autoMapping="true">
		<id property="profId" column="PROF_ID" />
		<association property="majorList" javaType="MajorVO" autoMapping="true">
			<id property="majorId" column="MAJOR_ID"/>
			<association property="collList" javaType="CollVO" autoMapping="true" />
		</association>
	</resultMap>
	
	<select id="selectProfInfo" parameterType="String" resultMap="profMap">
		SELECT 
		    A.PROF_ID
		    , A.LABO_ID
		    , A.MAJOR_ID
		    , A.ENT_DATE
		    , A.LEV_DATE
		    , A.POS
		    , B.MAJOR_NM
		    , C.COLL_NM
		    , CASE WHEN LEV_DATE IS NULL THEN '재직'
			    ELSE '퇴직'
			    END AS WORKING_STATUS
		FROM PROFESSOR A INNER JOIN MAJOR B ON A.MAJOR_ID = B.MAJOR_ID
		    INNER JOIN COLL C ON B.COLL_ID = C.COLL_ID
		WHERE A.PROF_ID = #{profId}
	</select>
	
	
	<select id="selectEmpInfo" parameterType="String" resultType="EmpVO">
		SELECT 
			A.EMP_ID
			, A.DEPT_ID
			, A.POS
			, A.ENT_DATE
			, A.LEV_DATE
			, B.DEPT_NM
			, CASE WHEN LEV_DATE IS NULL THEN '재직'
                 ELSE '퇴직'
                 END AS WORKING_STATUS
		FROM EMP A INNER JOIN DEPT B ON A.DEPT_ID = B.DEPT_ID
		WHERE EMP_ID = #{empId}
	</select>
	
</mapper>