<?xml version="1.0" encoding="UTF-8"?>
<!DOCTYPE mapper PUBLIC "-//mybatis.org//DTD Mapper 3.0//EN" "http://mybatis.org/dtd/mybatis-3-mapper.dtd">
<mapper namespace="kr.or.ddit.student.lectList.dao.LectListDAO">


<!--수강중인 강의 목록(학생) -->

<resultMap type="MyStudentVO" id="stdLect">
	<id property="stdId" column="STD_ID"/>
	<association property="currLectVO" javaType="CurrLectVO" autoMapping="true">
		<id property="curlectId" column="CURLECT_ID"/>
	</association>
	<association property="semeVO" javaType="SemesterVO" autoMapping="true">
		<id property="semeId" column="SEME_ID"/>
	</association>
	<collection property="mylectureList" ofType="MyLectureVO" autoMapping="true">
		<id property="lectId" column="LECT_ID"/>
		<association property="userVO" javaType="UsrVO" autoMapping="true"></association>
	<association property="majorVO" javaType="MajorVO" autoMapping="true"></association>
	</collection>
</resultMap>

<select id="selectLectList" parameterType="MyStudentVO"  resultMap="stdLect">

SELECT 
(SELECT COMM_DESC
        FROM COMM
        WHERE COMM.COMM_ID = B.ESTA_SUB) AS ESTA_SUB
,A.CURLECT_ID, B.LECT_ID, B.LECT_NM, B.MAJOR_NM, B.COLL_NM, B.USER_NM, B.CREDIT 
,C.SEME_YEAR , C.SEME , C.SEME_ID, A.STD_ID
FROM CURR_LECT A INNER JOIN V_LECTUREINFO B ON (A.LECT_ID = B.LECT_ID)
                    INNER JOIN SEMESTER C ON (B.SEME_ID = C.SEME_ID)
WHERE A.STD_ID =  #{stdId}
AND C.SEME_ID = #{semeId}

</select>



</mapper>