<?xml version="1.0" encoding="UTF-8"?>
<!DOCTYPE mapper PUBLIC "-//mybatis.org//DTD Mapper 3.0//EN" "http://mybatis.org/dtd/mybatis-3-mapper.dtd">
<mapper namespace="kr.or.ddit.student.priorSugang.dao.PriorSugangDAO">
	
	<!-- 수강신청 검색 조건 -->
	<sql id="searchFrag">
<!-- 		<trim prefix=" WHERE " prefixOverrides="AND |OR " suffixOverrides="," > -->
<!-- 			(LECT_ID NOT IN (SELECT LECT_ID FROM SUGANG_CART WHERE STD_ID = #{sugangCartVO.stdId}) OR LECT_ID IN (SELECT LECT_ID FROM CURR_LECT WHERE STD_ID = #{sugangCartVO.stdId})) -->
			<if test="detailCondition neq null">
				<if test="@org.apache.commons.lang3.StringUtils@isNotBlank(detailCondition.collId)">
					AND COLL_ID = #{detailCondition.collId}
				</if>
				<if test="@org.apache.commons.lang3.StringUtils@isNotBlank(detailCondition.majorId)">
					AND MAJOR_ID = #{detailCondition.majorId}
				</if>
				<if test="@org.apache.commons.lang3.ObjectUtils@isNotEmpty(detailCondition.camYears)">
					AND CAM_YEAR in
					<foreach item="camYear" collection="detailCondition.camYears" open="(" close=")" separator="," >
						#{camYear}
					</foreach>
				</if>
				<if test="@org.apache.commons.lang3.StringUtils@isNotBlank(detailCondition.estaSubs)">
					AND ESTA_SUB in
					<foreach item="estaSub" collection="detailCondition.estaSubs" open="(" close=")" separator="," >
						#{estaSub}
					</foreach>
				</if>
			</if>
<!-- 		</trim> -->
	</sql>
	
	<!-- 장바구니 검색조건 -->
	<sql id="searchCartFrag">
		<trim prefix=" WHERE " prefixOverrides="AND |OR " suffixOverrides="," >
			WHERE (LECT_ID NOT IN (SELECT LECT_ID FROM SUGANG_CART WHERE STD_ID = #{sugangCartVO.stdId}) OR LECT_ID IN (SELECT LECT_ID FROM CURR_LECT WHERE STD_ID = #{sugangCartVO.stdId}))
		</trim>
	</sql>
	
	<!-- lectureMap -->
	<resultMap type="LectureVO" id="lectureMap" autoMapping="true">
		<id property="lectId" column="LECT_ID" />
		<association property="majorVO" javaType="MajorVO" autoMapping="true" />
		<association property="profVO" javaType="ProfessorVO" autoMapping="true" />
	</resultMap>
	
	<!-- 수강신청 검색에 따른 강의 목록 LIST SELECT문 -->
	<select id="selectLectureList" parameterType="hashMap" resultMap="lectureMap">
		SELECT LECT_ID,
		    (
		        SELECT COMM_DESC
		        FROM COMM
		        WHERE COMM_ID = ESTA_SUB
		    ) AS ESTA_SUB
		    , MAJOR_NM, CAM_YEAR, LECT_NM, USER_NM, CREDIT, NUM_CLASS
		FROM V_LECTUREINFO
		WHERE (LECT_ID NOT IN (SELECT LECT_ID FROM SUGANG_CART WHERE STD_ID = #{sugangCartVO.stdId}) AND LECT_ID NOT IN (SELECT LECT_ID FROM CURR_LECT WHERE STD_ID = #{sugangCartVO.stdId}))
		<include refid="searchFrag" />
		ORDER BY ESTA_SUB DESC
	</select>
	
	<!-- 수강신청 장바구니 SELECT문 -->
	<select id="selectCartList" parameterType="String" resultMap="lectureMap">
		SELECT DISTINCT A.LECT_ID,
	        (
	            SELECT COMM_DESC
	            FROM COMM
	            WHERE COMM_ID = ESTA_SUB
	        ) AS ESTA_SUB
	        , B.MAJOR_NM, B.CAM_YEAR, B.LECT_NM, B.USER_NM, B.CREDIT, B.NUM_CLASS
		FROM SUGANG_CART A INNER JOIN V_LECTUREINFO B ON (A.LECT_ID = B.LECT_ID)
		WHERE STD_ID = #{stdId}
		AND SUGANG_STATE = 'N'
		AND NOT A.LECT_ID IN (SELECT C.LECT_ID FROM CURR_LECT C WHERE STD_ID = #{stdId})
		ORDER BY ESTA_SUB DESC
	</select>
	
	<!-- 수강신청 장바구니 INSERT문 -->
	<insert id="insertCart" parameterType="kr.or.ddit.vo.SugangCartVO">
			INSERT INTO SUGANG_CART (
				STD_ID
				, LECT_ID
				, SUGANG_STATE
			) VALUES (
				#{stdId}
				, #{lectId}
				, 'N'
			)
	</insert>
	
	<!-- 수강신청 장바구니 UPDATE문 -->
	<update id="updateCart" parameterType="SugangCartVO">
		UPDATE SUGANG_CART
		SET
			SUGANG_STATE = #{sugangState}
		WHERE STD_ID = ${stdId}
		AND LECT_ID = ${lectId}
	</update>
	
	<!-- 수강신청 장바구니 삭제 DELETE문 -->
	<delete id="deleteCart" parameterType="kr.or.ddit.vo.SugangCartVO">
		DELETE
		FROM SUGANG_CART
		WHERE LECT_ID = #{lectId}
		AND STD_ID = #{stdId}
	</delete>
</mapper>