<?xml version="1.0" encoding="UTF-8"?>
<!DOCTYPE mapper PUBLIC "-//mybatis.org//DTD Mapper 3.0//EN" "http://mybatis.org/dtd/mybatis-3-mapper.dtd">
<mapper namespace="kr.or.ddit.student.record.dao.RecordDAO">
	
	<resultMap type="StudentVO" id="studentMap" autoMapping="true">
		<id property="stdId" column="STD_ID" />
		<association property="usrVO" javaType="UsrVO" autoMapping="true" />
		<association property="collVO" javaType="CollVO" autoMapping="true" />
		<association property="majorVO" javaType="MajorVO" autoMapping="true" />
		<collection property="recordList" ofType="RecordVO" autoMapping="true">
			<association property="semester" javaType="SemesterVO" autoMapping="true" />
		</collection>
		<collection property="attaFileList" ofType="AttaFileVO" autoMapping="true" />
	</resultMap>
	
	
	<select id="selectRecNmList" resultType="HashMap">
		SELECT 
			COMM_ID, COMM_DESC
   	 	FROM COMM
    	WHERE COMM_GRP_ID = 'RECORD'
    	AND COMM_DESC IN ('휴학', '복학', '자퇴', '전과')
	</select>

	
	<select id="selectRecordList" parameterType="String" resultMap="studentMap">
		SELECT ROWNUM RNUM
			, A.STD_ID
			, A.MAJOR_ID
			, A.PROF_ID
			, A.ENT_DATE
			, A.USER_NM
			, A.USER_NM_EN
			, A.USER_PHONE
			, A.USER_POST
			, A.USER_ADDR
			, A.USER_DETAIL_ADDR
			, A.USER_EMAIL
			, A.USER_BANK
			, A.USER_ACCT_HD
			, A.USER_ACCT_NO
			, A.USER_GENDER
			, A.USER_NTL
			, A.USER_BIR
			, A.USER_ROLE
			, A.PROF_NM
			, A.MAJOR_NM
			, A.COLL_NM
			, A.RECO_ID
			, A.CAM_YEAR
			, A.REC_UPDATE
			, A.REC_REASON
			, TO_CHAR(A.REC_DATE, 'YYYY-MM-DD HH24:MI') "recDate"
			, A.REJ_REASON
			, A.SEME_ID
			, A.SEME_YEAR
			, A.SEME
            , A.REC_NM
            , A.REC_NAME
			, C.COMM_DESC AS REC_STATUS
			, D.ATTA_ID
		    , D.ATTA_FILENM
		    , D.ATTA_SAVENM
		    , D.ATTA_MIME
		    , D.ATTA_FANCYSIZE
		    , D.ATTA_DOWNLOAD
		    , D.ATTA_PATH
		    , D.ATTA_SN
		    , D.ATTA_TASK
		FROM V_RECORD A LEFT OUTER JOIN COMM C ON A.REC_STATUS = C.COMM_ID
			LEFT OUTER JOIN ATTA_FILE D ON TO_CHAR(A.STD_ID) = D.ATTA_ID
	    WHERE A.STD_ID = #{stdId}
	    ORDER BY REC_UPDATE DESC, REC_DATE DESC
	</select>	
	
	<insert id="insertRecord" parameterType="RecordVO">
		<selectKey order="BEFORE" resultType="String" keyProperty="recoId">
			SELECT 
				'FO' || TO_CHAR(SUBSTR(MAX(RECO_ID), 3)+1)
			FROM RECORD
		</selectKey>
		INSERT INTO record (
		    RECO_ID
		    , STD_ID
		    , SEME_ID
		    , CAM_YEAR
		    , REC_NM
		    , REC_UPDATE
		    , REC_REASON
		    , REC_DATE
		    , REC_STATUS
		    , REJ_REASON
		) VALUES (
		    #{recoId}
			, #{stdId,jdbcType=NUMERIC}
			, #{semeId,jdbcType=VARCHAR}
			, #{camYear,jdbcType=NUMERIC}
			, #{recNm,jdbcType=VARCHAR}
			<choose>
				<when test="recNm.equals('LEA') or recNm.equals('RET')">
					, (
						SELECT 
							SUBSTR(SOLAR_DATE, 1, 4) || '-' || SUBSTR(SOLAR_DATE, 5, 2) || '-' || SUBSTR(SOLAR_DATE, 7)
						FROM CALENDAR
						WHERE DATEVALUE = TO_CHAR(SYSDATE, 'YYYYMMDD')
						)
				</when>
				<otherwise>
					, #{recUpdate,jdbcType=VARCHAR}
				</otherwise>
			</choose>
			, #{recReason,jdbcType=VARCHAR}
			, SYSDATE
			, #{recStatus,jdbcType=VARCHAR}
			, #{rejReason,jdbcType=VARCHAR}
		)
	</insert>
	
	<!-- 전체 단과대학 목록 조회 -->
	<select id="selectCollegeList" resultType="CollVO">
		SELECT 
			COLL_ID
			, COLL_NM
			, COLL_INTRO
		FROM COLL
	</select>
	
	<!-- 선택 단과대학의 학과 목록 조회 -->
	<select id="selectMajorList" parameterType="CollVO" resultType="MajorVO">
		SELECT 
			MAJOR_ID
			, COLL_ID
			, MAJOR_NM
			, MAJOR_TEL
			, DEAN
			, MAJOR_INFO
			, LIC_INFO_ID
		FROM MAJOR
		WHERE COLL_ID = #{collId}
	</select>
	
	<select id="selectSemester" resultType="SemesterVO">
		WITH SEME AS
		(
			SELECT A.SEME_ID
			FROM (
			    SELECT ROWNUM RNUM, CAM_CAL.*
			    FROM CAM_CAL
			    WHERE CALENDAR_TITLE = '개강'
			    AND CALENDAR_START > TO_CHAR(SYSDATE, 'YYYY-MM-DD')
			    ORDER BY CALENDAR_START
			) A
			WHERE RNUM = 1
		)
		SELECT B.SEME_ID, B.SEME_YEAR, B.SEME
		FROM SEME, SEMESTER B
		WHERE B.SEME_ID = SEME.SEME_ID
	</select>
	
	<select id="selectNextSemester" parameterType="SemesterVO" resultType="SemesterVO">
		WITH NOWSEME AS
		(
			SELECT 'DA' || TO_CHAR(SUBSTR(SEME_ID, 3)+1) AS NOWID, SEME_ID, SEME_YEAR, SEME
			FROM SEMESTER
			WHERE SEME_ID = #{semeId}
		)
		SELECT A.SEME_ID, A.SEME_YEAR, A.SEME
		FROM SEMESTER A, NOWSEME
		WHERE A.SEME_ID = NOWSEME.NOWID
	</select>
</mapper>